id,customer_id,detail,created_at,updated_at
1,1,29144 Raynor Pines,2022-10-24 01:35:45 UTC,2022-10-24 01:35:45 UTC
2,2,15306 Sydney River,2022-10-24 01:35:45 UTC,2022-10-24 01:35:45 UTC
3,3,669 Batz Drive,2022-10-24 01:35:45 UTC,2022-10-24 01:35:45 UTC
4,4,3193 Wintheiser Freeway,2022-10-24 01:35:45 UTC,2022-10-24 01:35:45 UTC
5,5,960 Hazel Mill,2022-10-24 01:35:45 UTC,2022-10-24 01:35:45 UTC
6,6,80545 Bosco Spring,2022-10-24 01:35:45 UTC,2022-10-24 01:35:45 UTC
7,7,55443 Andrea Field,2022-10-24 01:35:45 UTC,2022-10-24 01:35:45 UTC
8,8,1455 Fonda Well,2022-10-24 01:35:45 UTC,2022-10-24 01:35:45 UTC
9,9,8479 Heidenreich Keys,2022-10-24 01:35:45 UTC,2022-10-24 01:35:45 UTC
10,10,2483 Strosin Summit,2022-10-24 01:35:45 UTC,2022-10-24 01:35:45 UTC
11,11,90432 Larry Falls,2022-10-24 01:35:45 UTC,2022-10-24 01:35:45 UTC
12,12,29714 Lacresha Well,2022-10-24 01:35:45 UTC,2022-10-24 01:35:45 UTC
13,13,149 Traci Light,2022-10-24 01:35:45 UTC,2022-10-24 01:35:45 UTC
14,14,30465 Wyman Trafficway,2022-10-24 01:35:45 UTC,2022-10-24 01:35:45 UTC
15,15,552 Willia Port,2022-10-24 01:35:45 UTC,2022-10-24 01:35:45 UTC
16,16,90230 Ben Harbors,2022-10-24 01:35:45 UTC,2022-10-24 01:35:45 UTC
17,17,255 Courtney Path,2022-10-24 01:35:45 UTC,2022-10-24 01:35:45 UTC
18,18,9064 Kori Rue,2022-10-24 01:35:45 UTC,2022-10-24 01:35:45 UTC
19,19,6111 Quitzon Knoll,2022-10-24 01:35:45 UTC,2022-10-24 01:35:45 UTC
20,20,238 Zulauf Inlet,2022-10-24 01:35:45 UTC,2022-10-24 01:35:45 UTC
21,21,7920 Marcellus Islands,2022-10-24 01:35:45 UTC,2022-10-24 01:35:45 UTC
22,22,25412 Orlando Lodge,2022-10-24 01:35:45 UTC,2022-10-24 01:35:45 UTC
23,23,32192 Milton Alley,2022-10-24 01:35:45 UTC,2022-10-24 01:35:45 UTC
24,24,99109 Latia Forge,2022-10-24 01:35:45 UTC,2022-10-24 01:35:45 UTC
25,25,1930 Ferry Lights,2022-10-24 01:35:45 UTC,2022-10-24 01:35:45 UTC
26,26,47596 Koch Parkways,2022-10-24 01:35:45 UTC,2022-10-24 01:35:45 UTC
27,27,82626 Runte Cliff,2022-10-24 01:35:45 UTC,2022-10-24 01:35:45 UTC
28,28,6228 Sheldon Stravenue,2022-10-24 01:35:45 UTC,2022-10-24 01:35:45 UTC
29,29,75980 Arlen Manors,2022-10-24 01:35:45 UTC,2022-10-24 01:35:45 UTC
30,30,4517 Sauer Islands,2022-10-24 01:35:45 UTC,2022-10-24 01:35:45 UTC
31,31,9453 Pagac Stream,2022-10-24 01:35:45 UTC,2022-10-24 01:35:45 UTC
32,32,648 Janis Groves,2022-10-24 01:35:45 UTC,2022-10-24 01:35:45 UTC
33,33,476 Dorine Dam,2022-10-24 01:35:45 UTC,2022-10-24 01:35:45 UTC
34,34,613 Crona Bridge,2022-10-24 01:35:45 UTC,2022-10-24 01:35:45 UTC
35,35,650 Waelchi Garden,2022-10-24 01:35:45 UTC,2022-10-24 01:35:45 UTC
36,36,27924 Stroman Mount,2022-10-24 01:35:45 UTC,2022-10-24 01:35:45 UTC
37,37,403 Hoa Divide,2022-10-24 01:35:45 UTC,2022-10-24 01:35:45 UTC
38,38,4205 Aufderhar Brook,2022-10-24 01:35:45 UTC,2022-10-24 01:35:45 UTC
39,39,271 Parisian Gardens,2022-10-24 01:35:45 UTC,2022-10-24 01:35:45 UTC
40,40,90875 Ilda Garden,2022-10-24 01:35:45 UTC,2022-10-24 01:35:45 UTC
41,41,5781 Bins Alley,2022-10-24 01:35:45 UTC,2022-10-24 01:35:45 UTC
42,42,8842 Alethia Rapid,2022-10-24 01:35:45 UTC,2022-10-24 01:35:45 UTC
43,43,4898 Murazik Harbors,2022-10-24 01:35:45 UTC,2022-10-24 01:35:45 UTC
44,44,825 Mariella Port,2022-10-24 01:35:45 UTC,2022-10-24 01:35:45 UTC
45,45,71477 Jamel Pine,2022-10-24 01:35:45 UTC,2022-10-24 01:35:45 UTC
46,46,893 Pete Route,2022-10-24 01:35:45 UTC,2022-10-24 01:35:45 UTC
47,47,68046 Heath Neck,2022-10-24 01:35:45 UTC,2022-10-24 01:35:45 UTC
48,48,1553 Ahmed Ridge,2022-10-24 01:35:45 UTC,2022-10-24 01:35:45 UTC
49,49,41223 Metz Expressway,2022-10-24 01:35:45 UTC,2022-10-24 01:35:45 UTC
50,50,539 Block Pike,2022-10-24 01:35:45 UTC,2022-10-24 01:35:45 UTC
51,51,818 Kermit Underpass,2022-10-24 01:35:45 UTC,2022-10-24 01:35:45 UTC
52,52,84790 Mohr Mountains,2022-10-24 01:35:45 UTC,2022-10-24 01:35:45 UTC
53,53,62785 Federico Station,2022-10-24 01:35:45 UTC,2022-10-24 01:35:45 UTC
54,54,905 Fidelia Place,2022-10-24 01:35:45 UTC,2022-10-24 01:35:45 UTC
55,55,4849 Houston Keys,2022-10-24 01:35:45 UTC,2022-10-24 01:35:45 UTC
56,56,616 Torp Knoll,2022-10-24 01:35:45 UTC,2022-10-24 01:35:45 UTC
57,57,35786 Johnston Junctions,2022-10-24 01:35:45 UTC,2022-10-24 01:35:45 UTC
58,58,15914 Yvette Mount,2022-10-24 01:35:45 UTC,2022-10-24 01:35:45 UTC
59,59,8060 Gusikowski Way,2022-10-24 01:35:45 UTC,2022-10-24 01:35:45 UTC
60,60,372 Bergstrom Ridges,2022-10-24 01:35:45 UTC,2022-10-24 01:35:45 UTC
61,61,17210 Schaden Springs,2022-10-24 01:35:45 UTC,2022-10-24 01:35:45 UTC
62,62,2501 Herman Square,2022-10-24 01:35:46 UTC,2022-10-24 01:35:46 UTC
63,63,407 Josette Roads,2022-10-24 01:35:46 UTC,2022-10-24 01:35:46 UTC
64,64,76167 Lorine Harbors,2022-10-24 01:35:46 UTC,2022-10-24 01:35:46 UTC
65,65,9422 Benedict Junctions,2022-10-24 01:35:46 UTC,2022-10-24 01:35:46 UTC
66,66,8334 Zemlak Plaza,2022-10-24 01:35:46 UTC,2022-10-24 01:35:46 UTC
67,67,716 Lynch Road,2022-10-24 01:35:46 UTC,2022-10-24 01:35:46 UTC
68,68,522 Mitchell Street,2022-10-24 01:35:46 UTC,2022-10-24 01:35:46 UTC
69,69,2043 Lane Villages,2022-10-24 01:35:46 UTC,2022-10-24 01:35:46 UTC
70,70,444 Littel Way,2022-10-24 01:35:46 UTC,2022-10-24 01:35:46 UTC
71,71,24239 Russel Course,2022-10-24 01:35:46 UTC,2022-10-24 01:35:46 UTC
72,72,86012 Coy Court,2022-10-24 01:35:46 UTC,2022-10-24 01:35:46 UTC
73,73,955 Franklin Creek,2022-10-24 01:35:46 UTC,2022-10-24 01:35:46 UTC
74,74,26451 Reichert Estates,2022-10-24 01:35:46 UTC,2022-10-24 01:35:46 UTC
75,75,61048 Schmidt Hill,2022-10-24 01:35:46 UTC,2022-10-24 01:35:46 UTC
76,76,595 Zola Light,2022-10-24 01:35:46 UTC,2022-10-24 01:35:46 UTC
77,77,94690 Zemlak Walks,2022-10-24 01:35:46 UTC,2022-10-24 01:35:46 UTC
78,78,2502 Amiee Canyon,2022-10-24 01:35:46 UTC,2022-10-24 01:35:46 UTC
79,79,406 Kshlerin Fords,2022-10-24 01:35:46 UTC,2022-10-24 01:35:46 UTC
80,80,7755 Reggie Manors,2022-10-24 01:35:46 UTC,2022-10-24 01:35:46 UTC
81,81,289 Cremin Tunnel,2022-10-24 01:35:46 UTC,2022-10-24 01:35:46 UTC
82,82,18798 Bertram Skyway,2022-10-24 01:35:46 UTC,2022-10-24 01:35:46 UTC
83,83,612 Azzie Forges,2022-10-24 01:35:46 UTC,2022-10-24 01:35:46 UTC
84,84,172 Halvorson Island,2022-10-24 01:35:46 UTC,2022-10-24 01:35:46 UTC
85,85,555 Bechtelar Viaduct,2022-10-24 01:35:46 UTC,2022-10-24 01:35:46 UTC
86,86,99960 Damien Pine,2022-10-24 01:35:46 UTC,2022-10-24 01:35:46 UTC
87,87,5682 Powlowski Forks,2022-10-24 01:35:46 UTC,2022-10-24 01:35:46 UTC
88,88,236 Elnora Ramp,2022-10-24 01:35:46 UTC,2022-10-24 01:35:46 UTC
89,89,224 Aide Centers,2022-10-24 01:35:46 UTC,2022-10-24 01:35:46 UTC
90,90,45810 Turcotte Manor,2022-10-24 01:35:46 UTC,2022-10-24 01:35:46 UTC
91,91,2629 Terry Causeway,2022-10-24 01:35:46 UTC,2022-10-24 01:35:46 UTC
92,92,22630 Kristofer Circle,2022-10-24 01:35:46 UTC,2022-10-24 01:35:46 UTC
93,93,998 Abe Spring,2022-10-24 01:35:46 UTC,2022-10-24 01:35:46 UTC
94,94,8131 Mraz Ranch,2022-10-24 01:35:46 UTC,2022-10-24 01:35:46 UTC
95,95,58087 Gulgowski Stream,2022-10-24 01:35:46 UTC,2022-10-24 01:35:46 UTC
96,96,5456 Padberg Fall,2022-10-24 01:35:46 UTC,2022-10-24 01:35:46 UTC
97,97,286 Lubowitz Forks,2022-10-24 01:35:46 UTC,2022-10-24 01:35:46 UTC
98,98,64291 Lura Branch,2022-10-24 01:35:46 UTC,2022-10-24 01:35:46 UTC
99,99,5456 Fausto Square,2022-10-24 01:35:46 UTC,2022-10-24 01:35:46 UTC
100,100,1722 Marks Mountain,2022-10-24 01:35:46 UTC,2022-10-24 01:35:46 UTC
