id,customer_id,created_at,updated_at
101,1,2022-10-24 02:22:06 UTC,2022-10-24 02:22:06 UTC
102,2,2022-10-24 02:22:06 UTC,2022-10-24 02:22:06 UTC
103,3,2022-10-24 02:22:06 UTC,2022-10-24 02:22:06 UTC
104,4,2022-10-24 02:22:06 UTC,2022-10-24 02:22:06 UTC
105,5,2022-10-24 02:22:06 UTC,2022-10-24 02:22:06 UTC
106,6,2022-10-24 02:22:06 UTC,2022-10-24 02:22:06 UTC
107,7,2022-10-24 02:22:06 UTC,2022-10-24 02:22:06 UTC
108,8,2022-10-24 02:22:06 UTC,2022-10-24 02:22:06 UTC
109,9,2022-10-24 02:22:06 UTC,2022-10-24 02:22:06 UTC
110,10,2022-10-24 02:22:06 UTC,2022-10-24 02:22:06 UTC
111,11,2022-10-24 02:22:06 UTC,2022-10-24 02:22:06 UTC
112,12,2022-10-24 02:22:06 UTC,2022-10-24 02:22:06 UTC
113,13,2022-10-24 02:22:06 UTC,2022-10-24 02:22:06 UTC
114,14,2022-10-24 02:22:06 UTC,2022-10-24 02:22:06 UTC
115,15,2022-10-24 02:22:06 UTC,2022-10-24 02:22:06 UTC
116,16,2022-10-24 02:22:06 UTC,2022-10-24 02:22:06 UTC
117,17,2022-10-24 02:22:06 UTC,2022-10-24 02:22:06 UTC
118,18,2022-10-24 02:22:07 UTC,2022-10-24 02:22:07 UTC
119,19,2022-10-24 02:22:07 UTC,2022-10-24 02:22:07 UTC
120,20,2022-10-24 02:22:07 UTC,2022-10-24 02:22:07 UTC
121,21,2022-10-24 02:22:07 UTC,2022-10-24 02:22:07 UTC
122,22,2022-10-24 02:22:07 UTC,2022-10-24 02:22:07 UTC
123,23,2022-10-24 02:22:07 UTC,2022-10-24 02:22:07 UTC
124,24,2022-10-24 02:22:07 UTC,2022-10-24 02:22:07 UTC
125,25,2022-10-24 02:22:07 UTC,2022-10-24 02:22:07 UTC
126,26,2022-10-24 02:22:07 UTC,2022-10-24 02:22:07 UTC
127,27,2022-10-24 02:22:07 UTC,2022-10-24 02:22:07 UTC
128,28,2022-10-24 02:22:07 UTC,2022-10-24 02:22:07 UTC
129,29,2022-10-24 02:22:07 UTC,2022-10-24 02:22:07 UTC
130,30,2022-10-24 02:22:07 UTC,2022-10-24 02:22:07 UTC
131,31,2022-10-24 02:22:07 UTC,2022-10-24 02:22:07 UTC
132,32,2022-10-24 02:22:07 UTC,2022-10-24 02:22:07 UTC
133,33,2022-10-24 02:22:07 UTC,2022-10-24 02:22:07 UTC
134,34,2022-10-24 02:22:07 UTC,2022-10-24 02:22:07 UTC
135,35,2022-10-24 02:22:07 UTC,2022-10-24 02:22:07 UTC
136,36,2022-10-24 02:22:07 UTC,2022-10-24 02:22:07 UTC
137,37,2022-10-24 02:22:07 UTC,2022-10-24 02:22:07 UTC
138,38,2022-10-24 02:22:07 UTC,2022-10-24 02:22:07 UTC
139,39,2022-10-24 02:22:07 UTC,2022-10-24 02:22:07 UTC
140,40,2022-10-24 02:22:07 UTC,2022-10-24 02:22:07 UTC
141,41,2022-10-24 02:22:07 UTC,2022-10-24 02:22:07 UTC
142,42,2022-10-24 02:22:07 UTC,2022-10-24 02:22:07 UTC
143,43,2022-10-24 02:22:07 UTC,2022-10-24 02:22:07 UTC
144,44,2022-10-24 02:22:08 UTC,2022-10-24 02:22:08 UTC
145,45,2022-10-24 02:22:08 UTC,2022-10-24 02:22:08 UTC
146,46,2022-10-24 02:22:08 UTC,2022-10-24 02:22:08 UTC
147,47,2022-10-24 02:22:08 UTC,2022-10-24 02:22:08 UTC
148,48,2022-10-24 02:22:08 UTC,2022-10-24 02:22:08 UTC
149,49,2022-10-24 02:22:08 UTC,2022-10-24 02:22:08 UTC
150,50,2022-10-24 02:22:08 UTC,2022-10-24 02:22:08 UTC
151,51,2022-10-24 02:22:08 UTC,2022-10-24 02:22:08 UTC
152,52,2022-10-24 02:22:08 UTC,2022-10-24 02:22:08 UTC
153,53,2022-10-24 02:22:08 UTC,2022-10-24 02:22:08 UTC
154,54,2022-10-24 02:22:08 UTC,2022-10-24 02:22:08 UTC
155,55,2022-10-24 02:22:08 UTC,2022-10-24 02:22:08 UTC
156,56,2022-10-24 02:22:08 UTC,2022-10-24 02:22:08 UTC
157,57,2022-10-24 02:22:08 UTC,2022-10-24 02:22:08 UTC
158,58,2022-10-24 02:22:08 UTC,2022-10-24 02:22:08 UTC
159,59,2022-10-24 02:22:08 UTC,2022-10-24 02:22:08 UTC
160,60,2022-10-24 02:22:08 UTC,2022-10-24 02:22:08 UTC
161,61,2022-10-24 02:22:08 UTC,2022-10-24 02:22:08 UTC
162,62,2022-10-24 02:22:08 UTC,2022-10-24 02:22:08 UTC
163,63,2022-10-24 02:22:08 UTC,2022-10-24 02:22:08 UTC
164,64,2022-10-24 02:22:08 UTC,2022-10-24 02:22:08 UTC
165,65,2022-10-24 02:22:08 UTC,2022-10-24 02:22:08 UTC
166,66,2022-10-24 02:22:08 UTC,2022-10-24 02:22:08 UTC
167,67,2022-10-24 02:22:08 UTC,2022-10-24 02:22:08 UTC
168,68,2022-10-24 02:22:08 UTC,2022-10-24 02:22:08 UTC
169,69,2022-10-24 02:22:09 UTC,2022-10-24 02:22:09 UTC
170,70,2022-10-24 02:22:09 UTC,2022-10-24 02:22:09 UTC
171,71,2022-10-24 02:22:09 UTC,2022-10-24 02:22:09 UTC
172,72,2022-10-24 02:22:09 UTC,2022-10-24 02:22:09 UTC
173,73,2022-10-24 02:22:09 UTC,2022-10-24 02:22:09 UTC
174,74,2022-10-24 02:22:09 UTC,2022-10-24 02:22:09 UTC
175,75,2022-10-24 02:22:09 UTC,2022-10-24 02:22:09 UTC
176,76,2022-10-24 02:22:09 UTC,2022-10-24 02:22:09 UTC
177,77,2022-10-24 02:22:09 UTC,2022-10-24 02:22:09 UTC
178,78,2022-10-24 02:22:09 UTC,2022-10-24 02:22:09 UTC
179,79,2022-10-24 02:22:09 UTC,2022-10-24 02:22:09 UTC
180,80,2022-10-24 02:22:09 UTC,2022-10-24 02:22:09 UTC
181,81,2022-10-24 02:22:09 UTC,2022-10-24 02:22:09 UTC
182,82,2022-10-24 02:22:09 UTC,2022-10-24 02:22:09 UTC
183,83,2022-10-24 02:22:09 UTC,2022-10-24 02:22:09 UTC
184,84,2022-10-24 02:22:09 UTC,2022-10-24 02:22:09 UTC
185,85,2022-10-24 02:22:09 UTC,2022-10-24 02:22:09 UTC
186,86,2022-10-24 02:22:09 UTC,2022-10-24 02:22:09 UTC
187,87,2022-10-24 02:22:09 UTC,2022-10-24 02:22:09 UTC
188,88,2022-10-24 02:22:09 UTC,2022-10-24 02:22:09 UTC
189,89,2022-10-24 02:22:09 UTC,2022-10-24 02:22:09 UTC
190,90,2022-10-24 02:22:09 UTC,2022-10-24 02:22:09 UTC
191,91,2022-10-24 02:22:09 UTC,2022-10-24 02:22:09 UTC
192,92,2022-10-24 02:22:09 UTC,2022-10-24 02:22:09 UTC
193,93,2022-10-24 02:22:09 UTC,2022-10-24 02:22:09 UTC
194,94,2022-10-24 02:22:09 UTC,2022-10-24 02:22:09 UTC
195,95,2022-10-24 02:22:09 UTC,2022-10-24 02:22:09 UTC
196,96,2022-10-24 02:22:09 UTC,2022-10-24 02:22:09 UTC
197,97,2022-10-24 02:22:10 UTC,2022-10-24 02:22:10 UTC
198,98,2022-10-24 02:22:10 UTC,2022-10-24 02:22:10 UTC
199,99,2022-10-24 02:22:10 UTC,2022-10-24 02:22:10 UTC
200,100,2022-10-24 02:22:10 UTC,2022-10-24 02:22:10 UTC
